model,label_file,accuracy,precision,recall,f1
143535,labels_20250131_143535_gpt4o_thisiscere.csv,1.0,1.0,1.0,1.0
143840,labels_20250227_143840_llama3.3_thisiscere.csv,0.8955223880597015,0.7647058823529411,0.8125,0.7878787878787878
171944,labels_20250131_171944_claude35s_thisiscere.csv,0.9387755102040817,0.8,1.0,0.8888888888888888
164319,labels_20250226_164319_mistral7b_thisiscere.csv,0.9310344827586207,0.0,0.0,0.0
180822,labels_20250224_180822_mistral7b_thisiscere.csv,0.9259259259259259,0.0,0.0,0.0
185300,labels_20250131_185300_deepseekv3_thisiscere.csv,0.9552238805970149,0.8421052631578947,1.0,0.9142857142857143
202230,labels_20250225_202230_mistral7b_thisiscere.csv,0.8888888888888888,0.0,0.0,0.0

